Workbook

Sheet Sheet1
A1: LOCN | B1: TXN_DATE | C1: TXN_HOUR | D1: TXN_COUNT | E1: LOCATION_ID
A2: =VLOOKUP(E2,Sheet2!A$1:$B$57,2,FALSE) -> KDMI | B2: Aug 20 2025 | C2: 6 | D2: 202 | E2: 1
A3: =VLOOKUP(E3,Sheet2!A$1:$B$57,2,FALSE) -> KDMI | B3: Aug 20 2025 | C3: 7 | D3: 797 | E3: 1
A4: =VLOOKUP(E4,Sheet2!A$1:$B$57,2,FALSE) -> KDMI | B4: Aug 20 2025 | C4: 8 | D4: 1148 | E4: 1
A5: =VLOOKUP(E5,Sheet2!A$1:$B$57,2,FALSE) -> KDMI | B5: Aug 20 2025 | C5: 9 | D5: 1272 | E5: 1
A6: =VLOOKUP(E6,Sheet2!A$1:$B$57,2,FALSE) -> KDMI | B6: Aug 20 2025 | C6: 10 | D6: 1553 | E6: 1
A7: =VLOOKUP(E7,Sheet2!A$1:$B$57,2,FALSE) -> KDMI | B7: Aug 20 2025 | C7: 11 | D7: 1549 | E7: 1
A8: =VLOOKUP(E8,Sheet2!A$1:$B$57,2,FALSE) -> KDMI | B8: Aug 20 2025 | C8: 12 | D8: 1686 | E8: 1
A9: =VLOOKUP(E9,Sheet2!A$1:$B$57,2,FALSE) -> KDMI | B9: Aug 20 2025 | C9: 13 | D9: 1413 | E9: 1
A10: =VLOOKUP(E10,Sheet2!A$1:$B$57,2,FALSE) -> KDMI | B10: Aug 20 2025 | C10: 14 | D10: 1373 | E10: 1
A11: =VLOOKUP(E11,Sheet2!A$1:$B$57,2,FALSE) -> KDMI | B11: Aug 20 2025 | C11: 15 | D11: 1283 | E11: 1
A12: =VLOOKUP(E12,Sheet2!A$1:$B$57,2,FALSE) -> KDMI | B12: Aug 20 2025 | C12: 16 | D12: 1242 | E12: 1
A13: =VLOOKUP(E13,Sheet2!A$1:$B$57,2,FALSE) -> KDMI | B13: Aug 20 2025 | C13: 17 | D13: 973 | E13: 1
... A32380: =VLOOKUP(E32380,Sheet2!A$1:$B$57,2,FALSE) -> KJKA | B32380: Sep 30 2025 | C32380: 22 | D32380: 81 | E32380: 62

Sheet Sheet2
A1: LOCATION_ID | B1: LOCATION_CODE
A2: 1 | B2: KDMI
A3: 2 | B3: KBEL
A4: 3 | B4: KSHY
A5: 4 | B5: KSHO
A6: 5 | B6: KGPK
A7: 6 | B7: KMHR
A8: 7 | B8: KCEN
A9: 8 | B9: KCWC
A10: 9 | B10: KESP
A11: 10 | B11: KPSK
A12: 11 | B12: KMDI
A13: 12 | B13: KRSD
... A57: 2001 | B57: HQ
